Cluster,Size,Percentage,Risk_Level,Description,Avg_Usage_Hours,Avg_Addiction_Score,Avg_Mental_Health
0,213,30.21276595744681,LOW RISK,Light users with good mental health,-0.40984205138003554,-0.38497691270494655,0.35993213148766057
1,206,29.219858156028366,HIGH RISK,Heavy users with high addiction tendency,0.32121441347309465,0.5478716941413159,-0.4516960001055536
2,143,20.28368794326241,LOW RISK,Light users with good mental health,-1.3177740803337281,-1.3512740205624534,1.2826612860245017
3,143,20.28368794326241,HIGH RISK,Heavy users with high addiction tendency,1.4655096591343588,1.1354594290452678,-1.1680890341722485
